id,polyline
2789131009,obcmGft{qL_ANiDzB_D`Dm@hAcBp@k@hBB`@p@l@SrAP^nAd@|ApBQb@eAF_Bx@{@jCzBf@fAdAKp@}BLgAn@cAfDgAjGGjCVxCf@|CSrDHnFWrAUpDF~@k@jESzEWdCw@jBa@vB]zE_CbGOzEkApAs@hDFt@SbALv@l@ZhBDt@dAbAfDvDpCjAzFs@n@WfBuA|Bq@vBpBx@~@nA^vA|DtFXvBt@KI_ANlDMv@gA`AUhBPl@AhAqAxCMlEmAfDGtCVfF]zCGtDcAdCGvEq@nC}@nAwCGmAJTzAZF^nC`@VCf@Vj@]fBP~@SRWbCkAbEW^B`AqCXkC}@}BS}@d@c@Sk@VsASw@ZWUy@NsBcA{AU_C`AcBSk@nB]xBy@CeAaAu@Ff@jA@nA\`@]JBPHBSuA{@a@]Z@g@b@u@xAe@GXi@DXJGQb@Q]p@s@Ez@\LpAwD|FmAdAMh@_AMr@PwBS}@k@aAy@}Gk@k@`DJnA[rEk@xBKzAaApC}@r@_@bCcCdDeDrHzCc@n@k@x@NjCs@zFdAjAwAnBoAbCw@rC@fG`BtCy@~DwCrHyEnAYfBuBlBOhCf@hCbBfCnC`BlC~@p@v@lCbEnEfA`DpB`DbC`DXnBlAhBjBzA?n@d@`BWbCp@lAB`Bg@b@Rn@E[Dn@\DDSQq@`@p@n@DdDm@jCzB^x@CbBj@z@hAJnD|B`@BUDoEqC{@Go@cAXiAu@qAaCqBiDn@}@OQ}@@wBo@{@TyCc@}B_@o@Dq@j@eAu@kCn@{AKeAa@Y@u@Zs@FqAR[BaBl@sCe@wDSqIc@kADqFSgCTgFn@cFCy@~DyGh@iEbAoGhCeCIuB^gAbAg@x@sAj@S|A}BA}Cf@kBpFeF|Bo@r@eCCkC}@kBBkC_@oAL_G_@sECcDVmBGuBRoCKcCuAcFeCaGHqBUkA`@[I[Zs@Wm@HyBa@uBp@qBqBm@cALaDnCaCiCmA_@q@}@}@[i@Lh@y@WmBDo@_@qAQ_EqBqF_EmAuAwDpB}AJgAIw@Ni@g@{CCqCqAcGRe@E{@zB}Bt@cE[yDcAyCLiA^Kh@}ABq@u@eB`BkFOg@Ls@]o@_@DGb@w@KqAsDpAsBtCq@?oAc@uARWLaBBkDKcB[wBwI}EVyAcAgBXmAfBi@bBkCzDiDzBkAxBK
2789131009,obcmGft{qL_ANiDzB_D`Dm@hAcBp@k@hBB`@p@l@SrAP^nAd@|ApBQb@eAF_Bx@{@jCzBf@fAdAKp@}BLgAn@cAfDgAjGGjCVxCf@|CSrDHnFWrAUpDF~@k@jESzEWdCw@jBa@vB]zE_CbGOzEkApAs@hDFt@SbALv@l@ZhBDt@dAbAfDvDpCjAzFs@n@WfBuA|Bq@vBpBx@~@nA^vA|DtFXvBt@KI_ANlDMv@gA`AUhBPl@AhAqAxCMlEmAfDGtCVfF]zCGtDcAdCGvEq@nC}@nAwCGmAJTzAZF^nC`@VCf@Vj@]fBP~@SRWbCkAbEW^B`AqCXkC}@}BS}@d@c@Sk@VsASw@ZWUy@NsBcA{AU_C`AcBSk@nB]xBy@CeAaAu@Ff@jA@nA\`@]JBPHBSuA{@a@]Z@g@b@u@xAe@GXi@DXJGQb@Q]p@s@Ez@\LpAwD|FmAdAMh@_AMr@PwBS}@k@aAy@}Gk@k@`DJnA[rEk@xBKzAaApC}@r@_@bCcCdDeDrHzCc@n@k@x@NjCs@zFdAjAwAnBoAbCw@rC@fG`BtCy@~DwCrHyEnAYfBuBlBOhCf@hCbBfCnC`BlC~@p@v@lCbEnEfA`DpB`DbC`DXnBlAhBjBzA?n@d@`BWbCp@lAB`Bg@b@Rn@E[Dn@\DDSQq@`@p@n@DdDm@jCzB^x@CbBj@z@hAJnD|B`@BUDoEqC{@Go@cAXiAu@qAaCqBiDn@}@OQ}@@wBo@{@TyCc@}B_@o@Dq@j@eAu@kCn@{AKeAa@Y@u@Zs@FqAR[BaBl@sCe@wDSqIc@kADqFSgCTgFn@cFCy@~DyGh@iEbAoGhCeCIuB^gAbAg@x@sAj@S|A}BA}Cf@kBpFeF|Bo@r@eCCkC}@kBBkC_@oAL_G_@sECcDVmBGuBRoCKcCuAcFeCaGHqBUkA`@[I[Zs@Wm@HyBa@uBp@qBqBm@cALaDnCaCiCmA_@q@}@}@[i@Lh@y@WmBDo@_@qAQ_EqBqF_EmAuAwDpB}AJgAIw@Ni@g@{CCqCqAcGRe@E{@zB}Bt@cE[yDcAyCLiA^Kh@}ABq@u@eB`BkFOg@Ls@]o@_@DGb@w@KqAsDpAsBtCq@?oAc@uARWLaBBkDKcB[wBwI}EVyAcAgBXmAfBi@bBkCzDiDzBkAxBK
1948236107,ynllG`fotLvNgKlAwDPoNxKCbDsBuGav@}GcJ_IqCgCcEzHs@`DkKcKkF_BmGa@}IbC}AuBaD`BkAqAgDpD_HqDiBtFaE{AaAt@wWgBcI_TuH_XvFw_@UoJkFsGlDiMiAuJlBqAfMwAz@pFpT{BdHrBxA_BnDtCdE}@rFfD|OeAlLcAVbBdIvKrMzNfFpTvPr[sARoAaBqC~Bc@rR`Ed@vCdDnB_ClHaHzDW~DzHrVyAlDjZrJw@vDkLjG
1752730353,_xllGfwotLp@yCbAd@k@iAhBgHjRgKdCkWdOq@sB_Rb@}C{@_Cu@sYeHoJqJuD_BoCnHwAlCaLcHoA{B{CyBsPtCmAwCkEtBmAgBsC|DuHgDcBlGmEqBiAp@_SaAwK{EqEcNwD}ZrGoD_BeXv@eJsE}F~CeMoAuKzBaAfMsA^lFvToBpHjBlAqAdE|B~C_@fLpCtJy@tLcBHnBtHxL`ObN`E|SnPjZg@lAuAeBaDbAYpThEf@|C~Ct@_B|HgInEPnHtGfTcApCzY|K_AdCkMdH
1431988817,y_cmGxs{qLkG|AsLlMxAnA]jBnEfDqE~Ak@dCzE~CoFdA{A|Eu@rHn@lVuA`TuCnS{FdTE|HaDjEfApLsArBmAbLzGj]u@rNaEvMo@f[_IeC_DdB~DyAnHnB{@k@p@~AaAnKiBtJeU}@aBvB`@jBcC`Au@iBrEfAw@yC|AkB|TpArBmLDkL`@~BXoCzAs_@rCaHr@oM{BuRqCqGHgHfEmKEiHgAeCpBcEXmKjBsEjEeAzDqTTo\fC}_@s@kB`FsB_@iGrC_C`@wFdLoGrAqI
724510932,qnqlGtvurLsEzEiLD_BwKmCqBYcVgBoKcH}T{F[}DiJOyD}@tAmBgAiAhIf@`Hw@`AhAvFw@fHgItXyCyCeKvH[gC_DjC{Jd@mApCiBoBkIbBuGhFqUxEoCnEqIg@{ClGyA{DDkH}@Ih@}DwFaDe@kIgJwJeB{FRoIqFiJ]yF_JyBiTdCwBtBeAeBoKXoArC{DxAmPkFiEtAiOeA}A_N}HeQk@yFkE\u@cBcBpDkHEcF_IaCuJuM_D}EwFs@cIsIwIkGmLiBuUaCmE{Bf@{H}NuHwDgRuAqBjBi@gEiD_@_AcJoCaJaC_Cn@eBeBgFDqE{FeL[sGqLcHeMuOkCwScFgMaLcPiDkDeGJc@_HdB_IeCqLyH}C[uCqDwDuFj@eAoPc`@ul@yFoCmGCkB{BiIb@wCuEeCi@m@kEzDaHwB_GzBzGaExGqVyDkBjTwMtXeXjS_Zr@qNuFiIhIyDWeC|E_KfDcK}DsOuA{NkJyIlE_DcAeEhGiHeLgMwHuLiAsDeI{L}FuGyPwJkIaFkV_R_]w@qLr@wM|DyMwOqMyEqLiLmIaM{A{@yCfA}CWiPkC_IgDqXZwF~HqOaAuCtGwd@aBmFT_H}@{CdBgL
724510932,qnqlGtvurLsEzEiLD_BwKmCqBYcVgBoKcH}T{F[}DiJOyD}@tAmBgAiAhIf@`Hw@`AhAvFw@fHgItXyCyCeKvH[gC_DjC{Jd@mApCiBoBkIbBuGhFqUxEoCnEqIg@{ClGyA{DDkH}@Ih@}DwFaDe@kIgJwJeB{FRoIqFiJ]yF_JyBiTdCwBtBeAeBoKXoArC{DxAmPkFiEtAiOeA}A_N}HeQk@yFkE\u@cBcBpDkHEcF_IaCuJuM_D}EwFs@cIsIwIkGmLiBuUaCmE{Bf@{H}NuHwDgRuAqBjBi@gEiD_@_AcJoCaJaC_Cn@eBeBgFDqE{FeL[sGqLcHeMuOkCwScFgMaLcPiDkDeGJc@_HdB_IeCqLyH}C[uCqDwDuFj@eAoPc`@ul@yFoCmGCkB{BiIb@wCuEeCi@m@kEzDaHwB_GzBzGaExGqVyDkBjTwMtXeXjS_Zr@qNuFiIhIyDWeC|E_KfDcK}DsOuA{NkJyIlE_DcAeEhGiHeLgMwHuLiAsDeI{L}FuGyPwJkIaFkV_R_]w@qLr@wM|DyMwOqMyEqLiLmIaM{A{@yCfA}CWiPkC_IgDqXZwF~HqOaAuCtGwd@aBmFT_H}@{CdBgL
724510932,qnqlGtvurLsEzEiLD_BwKmCqBYcVgBoKcH}T{F[}DiJOyD}@tAmBgAiAhIf@`Hw@`AhAvFw@fHgItXyCyCeKvH[gC_DjC{Jd@mApCiBoBkIbBuGhFqUxEoCnEqIg@{ClGyA{DDkH}@Ih@}DwFaDe@kIgJwJeB{FRoIqFiJ]yF_JyBiTdCwBtBeAeBoKXoArC{DxAmPkFiEtAiOeA}A_N}HeQk@yFkE\u@cBcBpDkHEcF_IaCuJuM_D}EwFs@cIsIwIkGmLiBuUaCmE{Bf@{H}NuHwDgRuAqBjBi@gEiD_@_AcJoCaJaC_Cn@eBeBgFDqE{FeL[sGqLcHeMuOkCwScFgMaLcPiDkDeGJc@_HdB_IeCqLyH}C[uCqDwDuFj@eAoPc`@ul@yFoCmGCkB{BiIb@wCuEeCi@m@kEzDaHwB_GzBzGaExGqVyDkBjTwMtXeXjS_Zr@qNuFiIhIyDWeC|E_KfDcK}DsOuA{NkJyIlE_DcAeEhGiHeLgMwHuLiAsDeI{L}FuGyPwJkIaFkV_R_]w@qLr@wM|DyMwOqMyEqLiLmIaM{A{@yCfA}CWiPkC_IgDqXZwF~HqOaAuCtGwd@aBmFT_H}@{CdBgL
621870839,afomGv{brLsClF`DkHcDjIeDxZsLtL}EdLwLnIcUng@mJnLc@{AJvBqL~CwHxImJnFySzDuDIaB{CJ~DyBrCzBaCKaFDvEcDpE_LjEiMhMvF{F{FzF}Dj@g`@i@am@ek@oHoWmJwSqGu`@kFyK{HoBmDqHkD_j@kBIU}ATkVeAiC
621870935,kiymGnvarL~@dGc@|Uh@yVaAcFl@dPjEv@vHaDxOif@pDaXfIwPvAoMfKxDvKcDp@oCuAeB`DWz@_GvQed@`N}JnEeJpDoBtRnItNnAjFqAx_@nKm_@gKoEbAvDqAzPzFnDa@dSbN|Kh_@nHpMnEdXdP`f@bGpJ|BL}AyC`AyCY{PyCuMdDxOJjOaAtBhAhC
